pseudo_id,team_id,seniority,timezone
2d0d12bb-61b3-48e1-8122-c1ee989c2488,ENGINEERING,SENIOR,UTC+5:30
edb01a02-23b8-46a2-a0b4-52b6ca2f36a0,ENGINEERING,SENIOR,UTC+0
87ab5142-0dfd-4380-a576-a517ee96a85c,ENGINEERING,MID,UTC+5:30
f16bb118-c6c0-4be8-9f6d-1cc208f96cd8,ENGINEERING,SENIOR,UTC+5:30
bbab1936-7029-46b2-bfe6-3769131d54d4,ENGINEERING,MID,UTC+5:30
e3bcb470-dce8-4ea4-9f1b-ed9009bc4202,ENGINEERING,JUNIOR,UTC+0
67e6f944-b22c-40a0-9711-cce0423720d1,ENGINEERING,MID,UTC+5:30
b2fde3be-2817-4052-a2f6-6407c24db0dd,ENGINEERING,MID,UTC-8
f9aafeb2-0c24-4f56-ab66-962e425297c1,ENGINEERING,MID,UTC-5
ab7263fd-e6da-45a2-8471-49f30496800c,ENGINEERING,SENIOR,UTC+5:30
17787073-df12-4482-86ae-7123b669c347,ENGINEERING,SENIOR,UTC+0
d090ae82-aafb-496e-9eb9-5111490752f9,ENGINEERING,SENIOR,UTC-5
5af7ebb3-6f71-4fc9-9e83-a48ad9e75f29,ENGINEERING,MID,UTC+0
f951634f-5cce-4321-9640-df81f035b25e,ENGINEERING,MANAGER,UTC-5
dd085131-9f44-475d-ab3b-e417ecc3bb0f,ENGINEERING,JUNIOR,UTC-8
2b6a0ca6-e8be-4c6e-991f-5d79462957a1,ENGINEERING,JUNIOR,UTC-5
2a7f066d-4fb8-4a06-9407-ad6109eef4be,ENGINEERING,SENIOR,UTC+5:30
9bb202fe-430e-48a9-ace4-2ad783fbe567,ENGINEERING,SENIOR,UTC+5:30
b8d060a5-1b0a-48b8-8636-6586ea26291a,ENGINEERING,MANAGER,UTC-8
267b61b0-0c6e-40cc-911d-a3d320bc423b,ENGINEERING,JUNIOR,UTC-5
55748209-f3c0-458d-affd-856d5d2092ac,ENGINEERING,SENIOR,UTC-5
06df8715-ddb2-4c3f-8a19-512b788ac295,ENGINEERING,MID,UTC+5:30
9af04a5c-b9ea-4f7c-a5fc-96043fa2f42c,ENGINEERING,JUNIOR,UTC+0
a4f6689e-3251-4e53-8bcd-42077d81bff7,ENGINEERING,SENIOR,UTC+5:30
51bc931e-7df6-4b15-96b3-f9a22d31881c,ENGINEERING,LEAD,UTC+5:30
e4919619-5091-4adf-a37f-2d7efbf3ab86,ENGINEERING,MID,UTC-8
a3a5893d-7468-4dc5-be56-1ed668a269c9,ENGINEERING,SENIOR,UTC-5
d07951d8-d260-4027-9eed-ecbf28a44ec0,ENGINEERING,JUNIOR,UTC-5
d7a4e004-1dca-4f1b-9e3d-d49edb6643ef,ENGINEERING,MID,UTC-5
f24b5a20-c23b-4815-a2bb-cff5debb7d79,ENGINEERING,SENIOR,UTC+5:30
87746b02-4950-4edf-8b7a-260824f6d2b3,ENGINEERING,SENIOR,UTC+0
01916bac-70cb-424b-a117-3a0e6e16d7b9,ENGINEERING,MID,UTC+0
1bbf9f0a-5f86-48c8-983e-584efee7a98c,ENGINEERING,JUNIOR,UTC-8
2acef363-4395-48bd-b36a-03e54ab5a1bd,ENGINEERING,MID,UTC+0
5485d680-4df8-46ba-b991-f9c1d4987ccd,ENGINEERING,SENIOR,UTC+5:30
e89893ac-604e-46b1-ba20-53370ff6493b,PRODUCT,MANAGER,UTC+5:30
4104713f-a469-4f59-bbb1-01c3da9e9bc8,PRODUCT,SENIOR,UTC-8
e4ff31ca-ea02-401f-8b38-e466fb0e0ede,PRODUCT,MID,UTC+0
7dfcaaa4-04f8-4aff-a75d-9edc71367161,PRODUCT,LEAD,UTC-5
faf19c19-3cdc-4cb6-a515-825c88dcf752,PRODUCT,MID,UTC-8
faa4d344-856e-456a-bcbf-64d8dcf36547,PRODUCT,MID,UTC-8
46afa27c-6077-45a5-995c-c20a36d4c25b,PRODUCT,JUNIOR,UTC+0
0d0dd1c3-b5d0-4b4e-9844-8bbd91744a0e,PRODUCT,MID,UTC-5
4dad4fe0-16da-473e-abab-e56955674ab3,PRODUCT,SENIOR,UTC-8
bc77ec85-8e5d-4566-91b5-ad0f82b871dd,PRODUCT,LEAD,UTC-8
78a9afaa-3a32-46fc-a886-0595f98de482,PRODUCT,MID,UTC+0
3a12fc0e-4f58-4e16-9c53-6d5b90711687,PRODUCT,MID,UTC+5:30
9b230649-1247-490f-96d0-0c5f5fec4e55,PRODUCT,SENIOR,UTC+5:30
1d9e8d92-59ea-4dfe-ad6f-82f13c5d8c3f,PRODUCT,JUNIOR,UTC+0
81a7a377-e188-4b18-9d48-205d554696e7,PRODUCT,SENIOR,UTC-8
5a3a3d90-c2de-4daa-953e-27a902926e80,PRODUCT,MID,UTC-8
4e2d66bf-8f4d-4217-ae5b-f47fa8765890,PRODUCT,MID,UTC-8
6c14ce8c-0359-4912-837d-828281134085,PRODUCT,MID,UTC+5:30
bae4d2c5-3330-486c-81e0-b34e9903a3ab,DATA,SENIOR,UTC+5:30
0c8a272d-82b6-4ca1-a1a5-efe342bdea81,DATA,SENIOR,UTC-5
e5da74dc-3f94-48fe-bd52-2cda8a57f6bc,DATA,SENIOR,UTC-5
e8bbe059-238c-4865-ab69-359f72d69f97,DATA,JUNIOR,UTC-8
c2dd9fec-95da-454b-9205-7b3b37a47e28,DATA,JUNIOR,UTC+5:30
bcd328e7-bb01-49ed-8b04-84356bd8003c,DATA,MANAGER,UTC-5
c562c4b1-c1dd-4517-a0f8-da2a0cba7f4c,DATA,MANAGER,UTC+0
2327ca37-e782-47fa-91ed-8ae84675e2d6,DATA,MID,UTC+5:30
b3d91e57-9a7d-4cda-a450-383f1c7ec769,DATA,LEAD,UTC-5
769a7cba-47ce-4ed2-a35a-a6433848fe50,DATA,SENIOR,UTC+0
77e1cb6d-443f-46ce-8c65-f8909062746f,DATA,JUNIOR,UTC+0
39f4d21a-7a85-432c-9e0d-2bba02894d30,DATA,MID,UTC+5:30
2efc7fc0-305c-41ad-8f86-6eeafc6f9c9f,DATA,MID,UTC-8
04e28d31-41f9-49c6-8930-37f7a8f3c571,DATA,JUNIOR,UTC-5
1ffea658-9246-44a2-826f-b2e09a3246d7,DATA,LEAD,UTC-5
0353aea8-c6dd-4156-a51c-3f66380125d8,DESIGN,MID,UTC+0
c644d166-74e7-4ea7-ad13-698aec444264,DESIGN,LEAD,UTC+5:30
3d350476-2aca-427b-8b61-04f18a563ad8,DESIGN,JUNIOR,UTC-8
0ee1ff4c-9a40-431e-94f8-92fab726a88f,DESIGN,SENIOR,UTC+0
f90df68e-1024-4d98-9097-120ab143ae98,DESIGN,JUNIOR,UTC-8
d9d8ece0-65a5-401d-ac7a-f8669ed88bac,DESIGN,LEAD,UTC+0
2f9229d6-f181-433d-a6d9-b0ccde4b8f39,DESIGN,MID,UTC-8
1ccbad81-f8ad-40c2-ade3-07501c8d878c,DESIGN,MANAGER,UTC+0
6ca3871a-9af7-4896-9498-7d83d8060756,DESIGN,SENIOR,UTC-8
5c77b168-1d01-45e1-9bc7-3a1ffd7d8e9a,DESIGN,MANAGER,UTC-5
fdb270e2-5057-4354-870e-02ed29062144,OPS,MANAGER,UTC-8
b11f7acc-a747-4370-9f0d-cadb0ad2a755,OPS,JUNIOR,UTC+0
a4600481-a09e-4e6b-935f-4ce772ddf074,OPS,JUNIOR,UTC+5:30
21cd6d95-964b-4f7d-832c-d323722a9360,OPS,MID,UTC+0
039f2803-83c6-410f-ad72-a59c921ad104,OPS,MID,UTC+5:30
a0524f07-e43d-49b1-b0a0-1e49cd4d033f,OPS,JUNIOR,UTC+5:30
c8cff4cc-fd01-4a4e-aac5-a828caef44fe,OPS,MID,UTC+5:30
8219c5e0-ad2c-49b0-81a0-02af9656d42e,OPS,LEAD,UTC+5:30
9a3804cd-f893-4f94-b3fc-46256cdd5440,OPS,MID,UTC-5
75244537-efca-4562-bfea-644c1ccf0fed,OPS,SENIOR,UTC+0
a2092976-edbe-4f82-949b-6f2438dde0ed,OPS,MID,UTC-8
4c405355-054e-475f-bebd-a34c5d4ba546,OPS,MID,UTC-8
137ecd1c-231b-47dc-90bc-781baa9f8953,SALES,SENIOR,UTC+0
e4a39c96-c821-4741-b02e-cd3fe6d42698,SALES,JUNIOR,UTC-8
f91b85e3-519c-448b-82c2-86695cbf3fbd,SALES,MID,UTC-8
e3980e3e-8b3f-479c-a725-d9c0fc74b8d6,SALES,MID,UTC+5:30
c58113aa-36da-4c87-ac48-6dd66aefafff,SALES,SENIOR,UTC+5:30
2a28877b-21d1-4c1d-a4aa-f0ea2f0c144b,SALES,JUNIOR,UTC-5
05c0597e-0fe7-41b0-b3af-aa8aedf27dc5,SALES,SENIOR,UTC+5:30
bb09f881-1158-4985-be8c-a69ccc3bed0d,SALES,MID,UTC+0
43d6b000-b738-43af-96a3-5cb8631318a6,SALES,MID,UTC+0
5247ea07-1b47-4812-a01b-9bdf1d6e5bad,SALES,MID,UTC-5
43129c61-8036-4427-827d-2d85fd12eb26,SALES,MID,UTC+5:30
b6e496ae-548f-48a4-a614-887e63299eb1,SALES,MID,UTC+5:30
21f94245-f8be-41f1-8a6e-389b41eb7c00,SALES,JUNIOR,UTC+5:30
aa382f7b-546b-42f0-a336-eae2519d58ed,SALES,MANAGER,UTC+0
7e4031f8-7e2e-4872-8442-e37fd402e525,SALES,JUNIOR,UTC-8
bf13dff4-4843-4de4-8026-4329587286f4,HR,MANAGER,UTC-8
285204a0-31e0-449a-afb2-f7a66307af06,HR,LEAD,UTC+0
04f1ecca-4695-4cab-b93b-90292d1911cd,HR,MID,UTC-8
6fd33ba9-3516-468f-83d8-4a91580d949e,HR,MID,UTC-8
834ef36a-58d8-46ea-af85-12e4d7380033,HR,MID,UTC-8
0d079c6e-f657-403a-82ee-cf0c9b4d1ccf,HR,JUNIOR,UTC-5
822d05ae-da7b-4695-a338-cd577db48c2d,HR,MID,UTC+5:30
4c011558-52d8-4bba-bb44-6e2f5a26aaa8,HR,MID,UTC+5:30
a7fdf8ae-7c7d-4556-8f6b-734029aa9746,LEGAL,MANAGER,UTC+5:30
a91f552a-babb-4f81-9c73-e7cd3fe35e2b,LEGAL,JUNIOR,UTC-8
bedadcd3-f883-42d7-9b4b-f7528da8a24f,LEGAL,MID,UTC+0
af68a0d4-6fb2-402e-9d8a-d02ebfa454ab,LEGAL,JUNIOR,UTC+5:30
07659d75-91be-4f74-a0bd-62e9b0fa2211,LEGAL,LEAD,UTC+5:30
62ebae02-b5ae-4adc-b0b9-b59041e72727,LEGAL,MID,UTC+0
1299707e-9b40-45ea-a465-65598f58cc89,LEGAL,MID,UTC+0
